Competitor,Product Name,Link
Bea DnD,Age Of Sigmar: Introductory Set,https://www.beadndgames.co.nz/products/warhammer-age-of-sigmar-introductory-set
Bea DnD,Death Guard: Plague Marine Champion,https://www.beadndgames.co.nz/products/death-guard-plague-marine-champion-warhammer-40-000
Bea DnD,Genestealer Cults: Biophagus,Not sold
Bea DnD,Orruk Warclans: Ardboy Big Boss,Not sold
Bea DnD,Orruk Warclans: Orruk Brutes,Not sold
Bea DnD,Space Marines: Gladiator,Not sold
Bea DnD,Space Marines: Primaris Intercessors,https://www.beadndgames.co.nz/products/space-marines-primaris-intercessors-warhammer-40-000
Bea DnD,Space Marines Primaris Librarian,https://www.beadndgames.co.nz/products/space-marines-primaris-librarian-warhammer-40-000
Bea DnD,Space Marines Primaris Reivers,Not sold
Bea DnD,Sylvaneth: Tree-Revenants,https://www.beadndgames.co.nz/products/sylvaneth-tree-revenants-warhammer-age-of-sigmar
Bea DnD,Warhammer 40000: Introductory Set,https://www.beadndgames.co.nz/products/warhammer-40-000-introductory-set-start-your-warhammer-journey
Games Lab,Age Of Sigmar: Introductory Set,https://www.gameslab.co.nz/products/Age-Of-Sigmar-Introductory-Set-p686464525
Games Lab,Death Guard: Plague Marine Champion,Not sold
Games Lab,Genestealer Cults: Biophagus,Not sold
Games Lab,Orruk Warclans: Ardboy Big Boss,Not sold
Games Lab,Orruk Warclans: Orruk Brutes,Not sold
Games Lab,Space Marines: Gladiator,https://www.gameslab.co.nz/products/Space-Marine-Gladiator-p689900566
Games Lab,Space Marines: Primaris Intercessors,https://www.gameslab.co.nz/products/Space-Marines-Primaris-Intercessors-p605967672
Games Lab,Space Marines Primaris Librarian,https://www.gameslab.co.nz/products/Space-Marines-Primaris-Librarian-p651995264
Games Lab,Space Marines Primaris Reivers,https://www.gameslab.co.nz/products/Space-Marines-Primaris-Reivers-p696127817
Games Lab,Sylvaneth: Tree-Revenants,https://www.gameslab.co.nz/products/Sylvaneth-Tree-Revenants-p695852248
Games Lab,Warhammer 40000: Introductory Set,https://www.gameslab.co.nz/products/Warhammer-40-000-Introductory-Set-p604427018
Goblin Games,Age Of Sigmar: Introductory Set,https://goblingames.nz/products/warhammer-age-of-sigmar-introductory-set
Goblin Games,Death Guard: Plague Marine Champion,Not sold
Goblin Games,Genestealer Cults: Biophagus,Not sold
Goblin Games,Orruk Warclans: Ardboy Big Boss,Not sold
Goblin Games,Orruk Warclans: Orruk Brutes,https://goblingames.nz/products/orruk-warclans-orruk-brutes
Goblin Games,Space Marines Primaris Librarian,Not sold
Goblin Games,Space Marines Primaris Reivers,https://goblingames.nz/products/space-marines-primaris-reivers-1
Goblin Games,Space Marines: Gladiator,https://goblingames.nz/products/space-marines-gladiator
Goblin Games,Space Marines: Primaris Intercessors,https://goblingames.nz/products/space-marines-intercessors
Goblin Games,Sylvaneth: Tree-Revenants,https://goblingames.nz/products/sylvaneth-tree-revenants
Goblin Games,Warhammer 40000: Introductory Set,Not sold
Hobby Collective,Age Of Sigmar: Introductory Set,https://thehobbycollective.co.nz/warhammer-age-of-sigmar-introductory-set
Hobby Collective,Death Guard: Plague Marine Champion,Not sold
Hobby Collective,Genestealer Cults: Biophagus,Not sold
Hobby Collective,Orruk Warclans: Ardboy Big Boss,Not sold
Hobby Collective,Orruk Warclans: Orruk Brutes,Not sold
Hobby Collective,Space Marines Primaris Librarian,Not sold
Hobby Collective,Space Marines Primaris Reivers,Not sold
Hobby Collective,Space Marines: Gladiator,https://thehobbycollective.co.nz/space-marines-gladiator-impulsor-lancer-valiant-reaper/
Hobby Collective,Space Marines: Primaris Intercessors,https://thehobbycollective.co.nz/space-marines-primaris-intercessors/
Hobby Collective,Sylvaneth: Tree-Revenants,Not sold
Hobby Collective,Warhammer 40000: Introductory Set,https://thehobbycollective.co.nz/warhammer-40-000-introductory-set/
Hobby Lords,Age Of Sigmar: Introductory Set,https://www.hobbylords.co.nz/products/single/age-of-sigmar:-introductory-set
Hobby Lords,Death Guard: Plague Marine Champion,https://www.hobbylords.co.nz/products/single/death-guard-plague-marine-champion
Hobby Lords,Genestealer Cults: Biophagus,Not sold
Hobby Lords,Orruk Warclans: Ardboy Big Boss,Not sold
Hobby Lords,Orruk Warclans: Orruk Brutes,https://www.hobbylords.co.nz/products/single/orruk-warclans-orruk-brutes
Hobby Lords,Space Marines: Gladiator,Not sold
Hobby Lords,Space Marines: Primaris Intercessors,https://www.hobbylords.co.nz/products/single/space-marines-intercessors
Hobby Lords,Space Marines Primaris Librarian,Not sold
Hobby Lords,Space Marines Primaris Reivers,https://www.hobbylords.co.nz/products/single/space-marines-primaris-reivers
Hobby Lords,Sylvaneth: Tree-Revenants,https://www.hobbylords.co.nz/products/single/sylvaneth-tree-revenants
Hobby Lords,Warhammer 40000: Introductory Set,https://www.hobbylords.co.nz/products/single/warhammer-40000-introductory-set
Hobby Master,Age Of Sigmar: Introductory Set,https://hobbymaster.co.nz/products/product/43416
Hobby Master,Death Guard: Plague Marine Champion,https://hobbymaster.co.nz/products/product/40411
Hobby Master,Genestealer Cults: Biophagus,https://hobbymaster.co.nz/products/product/31527
Hobby Master,Orruk Warclans: Ardboy Big Boss,https://hobbymaster.co.nz/products/product/41743
Hobby Master,Orruk Warclans: Orruk Brutes,https://hobbymaster.co.nz/products/product/37181
Hobby Master,Space Marines: Gladiator,https://hobbymaster.co.nz/products/product/36228
Hobby Master,Space Marines: Primaris Intercessors,https://hobbymaster.co.nz/products/product/28412
Hobby Master,Space Marines Primaris Librarian,https://hobbymaster.co.nz/products/product/28221
Hobby Master,Space Marines Primaris Reivers,https://hobbymaster.co.nz/products/product/28086
Hobby Master,Sylvaneth: Tree-Revenants,https://hobbymaster.co.nz/products/product/39777
Hobby Master,Warhammer 40000: Introductory Set,https://hobbymaster.co.nz/products/product/41316
Iron Knight,Age Of Sigmar: Introductory Set,https://ironknightgaming.co.nz/products/warhammer-age-of-sigmar-introductory-set
Iron Knight,Death Guard: Plague Marine Champion,Not sold
Iron Knight,Genestealer Cults: Biophagus,Not sold
Iron Knight,Orruk Warclans: Ardboy Big Boss,Not sold
Iron Knight,Orruk Warclans: Orruk Brutes,https://ironknightgaming.co.nz/products/orruk-warclans-orruk-brutes
Iron Knight,Space Marines Primaris Librarian,Not sold
Iron Knight,Space Marines Primaris Reivers,Not sold
Iron Knight,Space Marines: Gladiator,https://ironknightgaming.co.nz/products/space-marines-gladiator
Iron Knight,Space Marines: Primaris Intercessors,https://ironknightgaming.co.nz/products/space-marines-primaris-intercessors
Iron Knight,Sylvaneth: Tree-Revenants,Not sold
Iron Knight,Warhammer 40000: Introductory Set,https://ironknightgaming.co.nz/products/warhammer-40000-introductory-set
Mighty Ape,Age Of Sigmar: Introductory Set,https://www.mightyape.co.nz/mn/buy/mighty-ape-warhammer-age-of-sigmar-introductory-set-39006494/
Mighty Ape,Death Guard: Plague Marine Champion,Not sold
Mighty Ape,Genestealer Cults: Biophagus,https://www.mightyape.co.nz/mn/buy/mighty-ape-warhammer-40000-genestealer-cults-biophagus-29189815/
Mighty Ape,Orruk Warclans: Ardboy Big Boss,Not sold
Mighty Ape,Orruk Warclans: Orruk Brutes,https://www.mightyape.co.nz/mn/buy/mighty-ape-ironjawz-orruk-brutes-25217197/
Mighty Ape,Space Marines: Gladiator,https://www.mightyape.co.nz/product/warhammer-40000-space-marine-gladiator/34016507
Mighty Ape,Space Marines: Primaris Intercessors,https://www.mightyape.co.nz/mn/buy/mighty-ape-warhammer-40000-space-marine-primaris-intercessors-26859092/
Mighty Ape,Space Marines Primaris Librarian,https://www.mightyape.co.nz/product/warhammer-40000-space-marine-primaris-librarian/26853441
Mighty Ape,Space Marines Primaris Reivers,https://www.mightyape.co.nz/product/warhammer-40000-space-marine-primaris-reivers/26856277
Mighty Ape,Sylvaneth: Tree-Revenants,https://www.mightyape.co.nz/product/sylvaneth-tree-revenants/25522630
Mighty Ape,Warhammer 40000: Introductory Set,https://www.mightyape.co.nz/mn/buy/mighty-ape-warhammer-40000-introductory-set-37875024/
Nova Games,Age Of Sigmar: Introductory Set,https://novagames.co.nz/products/age-of-sigmar-introductory-set
Nova Games,Death Guard: Plague Marine Champion,Not sold
Nova Games,Orruk Warclans: Ardboy Big Boss,https://novagames.co.nz/products/ardboy-big-boss
Nova Games,Orruk Warclans: Orruk Brutes,https://novagames.co.nz/products/orruk-brutes
Nova Games,Space Marines Primaris Librarian,Not sold
Nova Games,Space Marines Primaris Reivers,Not sold
Nova Games,Space Marines: Gladiator,Not sold
Nova Games,Space Marines: Primaris Intercessors,https://novagames.co.nz/products/intercessors
Nova Games,Sylvaneth: Tree-Revenants,Not sold
Nova Games,Warhammer 40000: Introductory Set,https://novagames.co.nz/products/warhammer-40-000-introductory-set
Nova Games,Genestealer Cults: Biophagus,Not sold
Vagabond,Age Of Sigmar: Introductory Set,https://vagabond.co.nz/warhammer-age-of-sigmar-introductory-set-2024/
Vagabond,Death Guard: Plague Marine Champion,https://vagabond.co.nz/death-guard-plague-marine-champion/
Vagabond,Genestealer Cults: Biophagus,Not sold
Vagabond,Orruk Warclans: Ardboy Big Boss,https://vagabond.co.nz/orruk-warclans-ardboy-big-boss
Vagabond,Orruk Warclans: Orruk Brutes,https://vagabond.co.nz/ironjawz-orruk-brutes/
Vagabond,Space Marines: Gladiator,https://vagabond.co.nz/space-marines-gladiator/
Vagabond,Space Marines: Primaris Intercessors,https://vagabond.co.nz/space-marines-primaris-intercessors/
Vagabond,Space Marines Primaris Librarian,Not sold
Vagabond,Space Marines Primaris Reivers,https://vagabond.co.nz/space-marines-primaris-reivers/
Vagabond,Sylvaneth: Tree-Revenants,Not sold
Vagabond,Warhammer 40000: Introductory Set,https://vagabond.co.nz/warhammer-40-000-introductory-set/